ticker,date,open,high,low,close,volume,ingested_at,source,daily_return,ma_5,ma_20,rsi_14,volatility_20d,price_vs_ma20,processed_at,rel_return_vs_index
BAJAJ-AUTO.NS,2025-12-18,8891.0,8891.0,8735.0,8831.0,338487,2026-03-18T06:11:24.844638+00:00,yfinance,,8831.0,8831.0,,,0.0,2026-03-18T06:31:03.871117,
BAJAJ-AUTO.NS,2025-12-19,8830.5,9011.0,8827.0,9002.0,215196,2026-03-18T06:11:24.844638+00:00,yfinance,0.019364,8916.5,8916.5,,,0.009589,2026-03-18T06:31:03.871117,0.00709
BAJAJ-AUTO.NS,2025-12-22,9010.0,9185.0,8997.5,9164.0,377385,2026-03-18T06:11:24.844638+00:00,yfinance,0.017996,8999.0,8999.0,,,0.018335,2026-03-18T06:31:03.871117,0.00975
BAJAJ-AUTO.NS,2025-12-23,9184.0,9184.0,9080.0,9099.0,215559,2026-03-18T06:11:24.844638+00:00,yfinance,-0.007093,9024.0,9024.0,,,0.008311,2026-03-18T06:31:03.871117,-0.007335
BAJAJ-AUTO.NS,2025-12-24,9100.0,9194.5,9070.0,9170.0,167717,2026-03-18T06:11:24.844638+00:00,yfinance,0.007803,9053.2,9053.2,,,0.012902,2026-03-18T06:31:03.871117,0.008032
BAJAJ-AUTO.NS,2025-12-26,9182.5,9185.5,9052.0,9064.5,105815,2026-03-18T06:11:24.844638+00:00,yfinance,-0.011505,9099.9,9055.08,,0.014153,0.00104,2026-03-18T06:31:03.871117,-0.006276
BAJAJ-AUTO.NS,2025-12-29,9069.5,9127.0,9055.5,9087.0,263943,2026-03-18T06:11:24.844638+00:00,yfinance,0.002482,9116.9,9059.64,,0.012712,0.00302,2026-03-18T06:31:03.871117,0.007794
BAJAJ-AUTO.NS,2025-12-30,9087.0,9299.0,9025.5,9282.0,464922,2026-03-18T06:11:24.844638+00:00,yfinance,0.021459,9140.5,9087.44,,0.013195,0.02141,2026-03-18T06:31:03.871117,0.01069
BAJAJ-AUTO.NS,2025-12-31,9320.0,9398.0,9296.5,9343.0,319864,2026-03-18T06:11:24.844638+00:00,yfinance,0.006572,9189.3,9115.83,,0.012218,0.02492,2026-03-18T06:31:03.871117,-0.004183
BAJAJ-AUTO.NS,2026-01-01,9365.0,9585.0,9318.5,9558.0,306936,2026-03-18T06:11:24.844638+00:00,yfinance,0.023012,9266.9,9160.05,,0.012595,0.043444,2026-03-18T06:31:03.871117,
BAJAJ-AUTO.NS,2026-01-02,9550.0,9633.0,9310.5,9502.5,733651,2026-03-18T06:11:24.844638+00:00,yfinance,-0.005807,9354.5,9191.18,,0.012753,0.033872,2026-03-18T06:31:03.871117,-0.02759
BAJAJ-AUTO.NS,2026-01-05,9520.0,9684.0,9465.0,9497.5,304245,2026-03-18T06:11:24.844638+00:00,yfinance,-0.000526,9436.6,9216.71,,0.012334,0.030465,2026-03-18T06:31:03.871117,-0.003668
BAJAJ-AUTO.NS,2026-01-06,9575.0,9783.5,9543.0,9661.0,503002,2026-03-18T06:11:24.844638+00:00,yfinance,0.017215,9512.4,9250.88,,0.012145,0.044333,2026-03-18T06:31:03.871117,0.016239
BAJAJ-AUTO.NS,2026-01-07,9668.0,9807.0,9608.0,9789.5,334802,2026-03-18T06:11:24.844638+00:00,yfinance,0.013301,9601.7,9289.36,,0.011736,0.05384,2026-03-18T06:31:03.871117,0.021252
BAJAJ-AUTO.NS,2026-01-08,9799.5,9888.0,9725.0,9760.5,534086,2026-03-18T06:11:24.844638+00:00,yfinance,-0.002962,9642.2,9320.77,82.52,0.011651,0.047177,2026-03-18T06:31:03.871117,0.006708
BAJAJ-AUTO.NS,2026-01-09,9760.5,9830.0,9538.0,9562.5,250994,2026-03-18T06:11:24.844638+00:00,yfinance,-0.020286,9654.2,9335.88,66.7,0.013287,0.024274,2026-03-18T06:31:03.871117,-0.008767
BAJAJ-AUTO.NS,2026-01-12,9562.5,9588.5,9360.0,9491.0,332453,2026-03-18T06:11:24.844638+00:00,yfinance,-0.007477,9652.9,9345.0,62.07,0.013234,0.015623,2026-03-18T06:31:03.871117,-0.004775
BAJAJ-AUTO.NS,2026-01-13,9506.0,9576.5,9458.5,9554.0,229215,2026-03-18T06:11:24.844638+00:00,yfinance,0.006638,9631.5,9356.61,64.42,0.012824,0.021096,2026-03-18T06:31:03.871117,0.010088
BAJAJ-AUTO.NS,2026-01-14,9576.0,9610.0,9494.0,9579.5,335206,2026-03-18T06:11:24.844638+00:00,yfinance,0.002669,9589.5,9368.34,65.35,0.01245,0.02254,2026-03-18T06:31:03.871117,0.009592
BAJAJ-AUTO.NS,2026-01-15,9579.5,9579.5,9579.5,9579.5,0,2026-03-18T06:11:24.844638+00:00,yfinance,0.0,9553.3,9378.9,65.35,0.012145,0.021388,2026-03-18T06:31:03.871117,
BAJAJ-AUTO.NS,2026-01-16,9540.0,9616.5,9389.5,9489.0,528450,2026-03-18T06:11:24.844638+00:00,yfinance,-0.009447,9538.6,9411.8,58.99,0.012218,0.008202,2026-03-18T06:31:03.871117,-0.004916
BAJAJ-AUTO.NS,2026-01-19,9489.0,9489.0,9393.5,9429.5,403445,2026-03-18T06:11:24.844638+00:00,yfinance,-0.00627,9526.3,9433.17,55.18,0.011823,-0.000389,2026-03-18T06:31:03.871117,-0.007582
BAJAJ-AUTO.NS,2026-01-20,9468.0,9468.0,9155.0,9180.0,385253,2026-03-18T06:11:24.844638+00:00,yfinance,-0.02646,9451.5,9433.98,42.73,0.012867,-0.026922,2026-03-18T06:31:03.871117,-0.001694
BAJAJ-AUTO.NS,2026-01-21,9150.0,9255.0,9072.0,9179.0,323092,2026-03-18T06:11:24.844638+00:00,yfinance,-0.000109,9371.4,9437.98,42.69,0.012754,-0.02744,2026-03-18T06:31:03.871117,0.002743
BAJAJ-AUTO.NS,2026-01-22,9225.0,9391.5,9185.5,9370.0,193757,2026-03-18T06:11:24.844638+00:00,yfinance,0.020808,9329.5,9447.98,52.25,0.013457,-0.008254,2026-03-18T06:31:03.871117,0.011916
BAJAJ-AUTO.NS,2026-01-23,9390.0,9548.0,9335.0,9413.5,204212,2026-03-18T06:11:24.844638+00:00,yfinance,0.004642,9314.4,9465.42,54.12,0.013138,-0.005485,2026-03-18T06:31:03.871117,0.015916
BAJAJ-AUTO.NS,2026-01-27,9422.0,9506.0,9330.0,9492.0,302065,2026-03-18T06:11:24.844638+00:00,yfinance,0.008339,9326.9,9485.67,57.38,0.013215,0.000667,2026-03-18T06:31:03.871117,0.017686
BAJAJ-AUTO.NS,2026-01-28,9500.0,9533.5,9250.0,9433.5,342407,2026-03-18T06:11:24.844638+00:00,yfinance,-0.006163,9377.6,9493.25,54.29,0.012529,-0.006294,2026-03-18T06:31:03.871117,-0.013077
BAJAJ-AUTO.NS,2026-01-29,9475.0,9533.0,9381.5,9512.0,390096,2026-03-18T06:11:24.844638+00:00,yfinance,0.008321,9444.2,9501.7,57.59,0.012577,0.001084,2026-03-18T06:31:03.871117,0.015135
BAJAJ-AUTO.NS,2026-01-30,9497.0,9626.0,9382.5,9597.5,283660,2026-03-18T06:11:24.844638+00:00,yfinance,0.008989,9489.7,9503.67,60.9,0.011639,0.009873,2026-03-18T06:31:03.871117,0.001648
BAJAJ-AUTO.NS,2026-02-02,9454.5,9523.0,9250.5,9496.5,327240,2026-03-18T06:11:24.844638+00:00,yfinance,-0.010524,9506.3,9503.38,55.4,0.011815,-0.000724,2026-03-18T06:31:03.871117,-0.010479
BAJAJ-AUTO.NS,2026-02-03,9933.0,9941.0,9515.0,9595.5,573385,2026-03-18T06:11:24.844638+00:00,yfinance,0.010425,9527.0,9508.28,59.28,0.01204,0.009173,2026-03-18T06:31:03.871117,-0.017656
BAJAJ-AUTO.NS,2026-02-04,9594.0,9725.0,9529.5,9639.0,201083,2026-03-18T06:11:24.844638+00:00,yfinance,0.004533,9568.1,9507.17,60.89,0.011436,0.013866,2026-03-18T06:31:03.871117,-0.007289
BAJAJ-AUTO.NS,2026-02-05,9640.0,9679.0,9600.0,9647.0,155663,2026-03-18T06:11:24.844638+00:00,yfinance,0.00083,9595.1,9500.05,61.2,0.011002,0.015468,2026-03-18T06:31:03.871117,0.006613
BAJAJ-AUTO.NS,2026-02-06,9620.0,9668.0,9471.5,9518.5,198790,2026-03-18T06:11:24.844638+00:00,yfinance,-0.01332,9579.3,9487.95,53.94,0.011353,0.00322,2026-03-18T06:31:03.871117,-0.00808
BAJAJ-AUTO.NS,2026-02-09,9598.0,9626.5,9505.0,9590.0,171033,2026-03-18T06:11:24.844638+00:00,yfinance,0.007512,9598.0,9489.33,57.0,0.010567,0.010609,2026-03-18T06:31:03.871117,-0.002368
BAJAJ-AUTO.NS,2026-02-10,9605.0,9833.5,9582.5,9774.0,347018,2026-03-18T06:11:24.844638+00:00,yfinance,0.019187,9633.7,9503.48,63.67,0.01121,0.028465,2026-03-18T06:31:03.871117,0.005451
BAJAJ-AUTO.NS,2026-02-11,9818.0,9905.5,9796.0,9869.5,324008,2026-03-18T06:11:24.844638+00:00,yfinance,0.009771,9679.8,9519.25,66.58,0.011307,0.036794,2026-03-18T06:31:03.871117,-0.003202
BAJAJ-AUTO.NS,2026-02-12,9876.5,9930.0,9809.5,9840.0,372062,2026-03-18T06:11:24.844638+00:00,yfinance,-0.002989,9718.4,9532.28,64.85,0.011352,0.032282,2026-03-18T06:31:03.871117,-0.001775
BAJAJ-AUTO.NS,2026-02-13,9800.5,9900.5,9720.0,9760.0,120688,2026-03-18T06:11:24.844638+00:00,yfinance,-0.00813,9766.7,9541.3,60.29,0.011549,0.022921,2026-03-18T06:31:03.871117,0.001334
BAJAJ-AUTO.NS,2026-02-16,9710.0,9774.5,9643.0,9697.5,88321,2026-03-18T06:11:24.844638+00:00,yfinance,-0.006404,9788.2,9551.72,56.93,0.011423,0.015262,2026-03-18T06:31:03.871117,0.000896
BAJAJ-AUTO.NS,2026-02-17,9651.0,9869.0,9632.5,9826.5,159113,2026-03-18T06:11:24.844638+00:00,yfinance,0.013302,9798.7,9571.58,61.68,0.011591,0.026633,2026-03-18T06:31:03.871117,0.00808
BAJAJ-AUTO.NS,2026-02-18,9826.5,10009.0,9804.5,9980.0,334455,2026-03-18T06:11:24.844638+00:00,yfinance,0.015621,9820.8,9611.58,66.43,0.009811,0.038331,2026-03-18T06:31:03.871117,0.010189
BAJAJ-AUTO.NS,2026-02-19,9991.0,10059.5,9701.0,9729.0,310761,2026-03-18T06:11:24.844638+00:00,yfinance,-0.02515,9798.6,9639.08,54.53,0.011792,0.009329,2026-03-18T06:31:03.871117,-0.004195
BAJAJ-AUTO.NS,2026-02-20,9725.0,9823.0,9670.5,9807.0,291070,2026-03-18T06:11:24.844638+00:00,yfinance,0.008017,9808.0,9660.92,57.1,0.011101,0.015121,2026-03-18T06:31:03.871117,0.00395
BAJAJ-AUTO.NS,2026-02-23,9851.0,9930.0,9814.0,9905.5,145464,2026-03-18T06:11:24.844638+00:00,yfinance,0.010044,9849.6,9685.52,60.17,0.011225,0.022712,2026-03-18T06:31:03.871117,0.001777
BAJAJ-AUTO.NS,2026-02-24,9875.0,9875.0,9660.0,9829.0,259761,2026-03-18T06:11:24.844638+00:00,yfinance,-0.007723,9850.1,9702.38,56.78,0.011367,0.01305,2026-03-18T06:31:03.871117,-0.0032
BAJAJ-AUTO.NS,2026-02-25,9859.5,10160.0,9839.5,10097.0,334366,2026-03-18T06:11:24.844638+00:00,yfinance,0.027266,9873.5,9735.55,64.36,0.012532,0.037127,2026-03-18T06:31:03.871117,0.008787
BAJAJ-AUTO.NS,2026-02-26,10146.5,10187.0,10029.5,10110.0,177814,2026-03-18T06:11:24.844638+00:00,yfinance,0.001288,9949.7,9765.45,64.68,0.012487,0.035283,2026-03-18T06:31:03.871117,-0.006683
BAJAJ-AUTO.NS,2026-02-27,10072.5,10091.5,9940.0,9972.5,231926,2026-03-18T06:11:24.844638+00:00,yfinance,-0.0136,9982.8,9784.2,58.62,0.012943,0.019245,2026-03-18T06:31:03.871117,0.00503
BAJAJ-AUTO.NS,2026-03-02,9725.5,9941.5,9565.0,9776.0,330330,2026-03-18T06:11:24.844638+00:00,yfinance,-0.019704,9956.9,9798.17,51.23,0.013558,-0.002263,2026-03-18T06:31:03.871117,0.00227
BAJAJ-AUTO.NS,2026-03-04,9516.5,9704.5,9516.5,9652.5,319652,2026-03-18T06:11:24.844638+00:00,yfinance,-0.012633,9921.6,9801.02,47.2,0.013742,-0.015154,2026-03-18T06:31:03.871117,0.011802
BAJAJ-AUTO.NS,2026-03-05,9674.5,9853.0,9641.0,9804.5,300749,2026-03-18T06:11:24.844638+00:00,yfinance,0.015747,9863.1,9809.3,52.18,0.014143,-0.000489,2026-03-18T06:31:03.871117,-0.00285
BAJAJ-AUTO.NS,2026-03-06,9780.0,9884.5,9690.0,9816.0,386552,2026-03-18T06:11:24.844638+00:00,yfinance,0.001173,9804.3,9817.75,52.55,0.014143,-0.000178,2026-03-18T06:31:03.871117,0.011784
BAJAJ-AUTO.NS,2026-03-09,9600.0,9645.5,9351.0,9383.0,334501,2026-03-18T06:11:24.844638+00:00,yfinance,-0.044112,9686.4,9810.98,40.13,0.017139,-0.043623,2026-03-18T06:31:03.871117,-0.0031
BAJAJ-AUTO.NS,2026-03-10,9449.5,9637.5,9349.0,9610.0,463535,2026-03-18T06:11:24.844638+00:00,yfinance,0.024193,9653.2,9811.98,47.18,0.01794,-0.020585,2026-03-18T06:31:03.871117,-0.006794
BAJAJ-AUTO.NS,2026-03-11,9575.0,9666.0,9270.0,9327.5,489382,2026-03-18T06:11:24.844638+00:00,yfinance,-0.029396,9588.2,9789.65,40.75,0.018522,-0.047208,2026-03-18T06:31:03.871117,0.002152
BAJAJ-AUTO.NS,2026-03-12,9280.0,9280.0,9080.0,9162.0,390062,2026-03-18T06:11:24.844638+00:00,yfinance,-0.017743,9459.7,9754.28,37.53,0.01861,-0.06072,2026-03-18T06:31:03.871117,0.014194
BAJAJ-AUTO.NS,2026-03-13,9075.0,9119.5,8832.5,8875.0,435631,2026-03-18T06:11:24.844638+00:00,yfinance,-0.031325,9271.5,9706.02,32.69,0.019616,-0.085619,2026-03-18T06:31:03.871117,0.00465
BAJAJ-AUTO.NS,2026-03-16,8866.0,9103.5,8742.5,9073.0,580318,2026-03-18T06:11:24.844638+00:00,yfinance,0.02231,9209.5,9671.67,38.57,0.020518,-0.061899,2026-03-18T06:31:03.871117,0.005612
BAJAJ-AUTO.NS,2026-03-17,9100.0,9250.0,9006.5,9110.0,245258,2026-03-18T06:11:24.844638+00:00,yfinance,0.004078,9109.5,9642.3,39.63,0.020572,-0.055205,2026-03-18T06:31:03.871117,-0.01698
HEROMOTOCO.NS,2025-12-18,5674.3978677182085,5674.3978677182085,5407.598175407171,5638.595703125,1016539,2026-03-18T06:11:25.122603+00:00,yfinance,,5638.6,5638.6,,,-1e-06,2026-03-18T06:31:03.875875,
HEROMOTOCO.NS,2025-12-19,5615.5447748247225,5686.658660619446,5615.5447748247225,5670.47412109375,769295,2026-03-18T06:11:25.122603+00:00,yfinance,0.005654,5654.53,5654.53,,,0.00282,2026-03-18T06:31:03.875875,-0.00662
HEROMOTOCO.NS,2025-12-22,5682.735552846261,5682.735552846261,5572.386411619852,5590.53271484375,1213460,2026-03-18T06:11:25.122603+00:00,yfinance,-0.014098,5633.2,5633.2,,,-0.007574,2026-03-18T06:31:03.875875,-0.022344
HEROMOTOCO.NS,2025-12-23,5600.831679660298,5642.519130866176,5586.118461587636,5634.181640625,351302,2026-03-18T06:11:25.122603+00:00,yfinance,0.007808,5633.45,5633.45,,,0.00013,2026-03-18T06:31:03.875875,0.007566
HEROMOTOCO.NS,2025-12-24,5634.1818543257,5640.0671417779895,5581.214267255089,5589.5517578125,313655,2026-03-18T06:11:25.122603+00:00,yfinance,-0.007921,5624.67,5624.67,,,-0.006244,2026-03-18T06:31:03.875875,-0.007692
HEROMOTOCO.NS,2025-12-26,5589.551735204481,5610.640681823222,5503.724626872395,5529.2275390625,249826,2026-03-18T06:11:25.122603+00:00,yfinance,-0.010792,5602.79,5608.76,,0.00995,-0.01418,2026-03-18T06:31:03.875875,-0.005563
HEROMOTOCO.NS,2025-12-29,5529.227528710867,5542.959866018292,5444.381301775708,5459.5849609375,572147,2026-03-18T06:11:25.122603+00:00,yfinance,-0.012595,5560.62,5587.45,,0.009586,-0.022884,2026-03-18T06:31:03.875875,-0.007283
HEROMOTOCO.NS,2025-12-30,5463.508251619681,5632.71025761688,5460.075167440028,5601.8125,2980473,2026-03-18T06:11:25.122603+00:00,yfinance,0.026051,5562.87,5589.25,,0.014738,0.002248,2026-03-18T06:31:03.875875,0.015282
HEROMOTOCO.NS,2025-12-31,5600.3413322420965,5674.888305050644,5575.81930171297,5660.66552734375,473265,2026-03-18T06:11:25.122603+00:00,yfinance,0.010506,5568.17,5597.18,,0.014222,0.011342,2026-03-18T06:31:03.875875,-0.000249
HEROMOTOCO.NS,2026-01-01,5660.665259986466,5744.040159847642,5620.4491318181335,5729.8173828125,384697,2026-03-18T06:11:25.122603+00:00,yfinance,0.012216,5596.22,5610.44,,0.013858,0.021278,2026-03-18T06:31:03.875875,
HEROMOTOCO.NS,2026-01-02,5787.199278663829,5914.223398424332,5762.677247822034,5819.568359375,1069537,2026-03-18T06:11:25.122603+00:00,yfinance,0.015664,5654.29,5629.46,,0.013774,0.03377,2026-03-18T06:31:03.875875,-0.006119
HEROMOTOCO.NS,2026-01-05,5846.051982394954,5929.426884828439,5811.72114021646,5871.064453125,653817,2026-03-18T06:11:25.122603+00:00,yfinance,0.008849,5736.59,5649.59,,0.013176,0.039202,2026-03-18T06:31:03.875875,0.005707
HEROMOTOCO.NS,2026-01-06,5895.095921223959,5921.579713216146,5846.051861979167,5885.287109375,453152,2026-03-18T06:11:25.122603+00:00,yfinance,0.002423,5793.28,5667.72,,0.012569,0.038387,2026-03-18T06:31:03.875875,0.001447
HEROMOTOCO.NS,2026-01-07,5918.146653040619,5933.350311468087,5830.3577866368505,5866.650390625,609748,2026-03-18T06:11:25.122603+00:00,yfinance,-0.003167,5834.48,5681.93,,0.012181,0.03251,2026-03-18T06:31:03.875875,0.004784
HEROMOTOCO.NS,2026-01-08,5866.650716312767,5870.574241286058,5718.537648571047,5738.1552734375,562060,2026-03-18T06:11:25.122603+00:00,yfinance,-0.021903,5836.15,5685.68,54.44,0.01348,0.009229,2026-03-18T06:31:03.875875,-0.012233
HEROMOTOCO.NS,2026-01-09,5738.155297458265,5778.371428602844,5641.048053962818,5662.62744140625,500234,2026-03-18T06:11:25.122603+00:00,yfinance,-0.013162,5804.76,5684.24,47.85,0.013518,-0.003802,2026-03-18T06:31:03.875875,-0.001643
HEROMOTOCO.NS,2026-01-12,5662.627088443666,5681.263830983149,5519.418435245541,5617.01611328125,314329,2026-03-18T06:11:25.122603+00:00,yfinance,-0.008055,5753.95,5680.28,44.36,0.013228,-0.011137,2026-03-18T06:31:03.875875,-0.005353
HEROMOTOCO.NS,2026-01-13,5669.493376166188,5669.493376166188,5571.8956960747455,5624.86328125,336437,2026-03-18T06:11:25.122603+00:00,yfinance,0.001397,5701.86,5677.2,45.1,0.012814,-0.009219,2026-03-18T06:31:03.875875,0.004847
HEROMOTOCO.NS,2026-01-14,5610.6405004459175,5631.239005779722,5532.170003936184,5567.97216796875,368182,2026-03-18T06:11:25.122603+00:00,yfinance,-0.010114,5642.13,5671.46,40.85,0.012655,-0.018247,2026-03-18T06:31:03.875875,-0.003191
HEROMOTOCO.NS,2026-01-15,5567.97216796875,5567.97216796875,5567.97216796875,5567.97216796875,0,2026-03-18T06:11:25.122603+00:00,yfinance,0.0,5608.09,5666.28,40.85,0.012299,-0.01735,2026-03-18T06:31:03.875875,
HEROMOTOCO.NS,2026-01-16,5514.514199424379,5622.411133244493,5510.100233949919,5543.4501953125,588398,2026-03-18T06:11:25.122603+00:00,yfinance,-0.004404,5584.25,5661.52,39.01,0.012001,-0.020855,2026-03-18T06:31:03.875875,0.000127
HEROMOTOCO.NS,2026-01-19,5517.456954989154,5676.850155911063,5483.1261117136655,5652.328125,581040,2026-03-18T06:11:25.122603+00:00,yfinance,0.019641,5591.32,5660.62,49.81,0.012779,-0.001465,2026-03-18T06:31:03.875875,0.018329
HEROMOTOCO.NS,2026-01-20,5668.512538254021,5733.2506984071215,5448.795146219257,5473.8076171875,394664,2026-03-18T06:11:25.122603+00:00,yfinance,-0.031584,5561.11,5654.78,37.95,0.014296,-0.032003,2026-03-18T06:31:03.875875,-0.006818
HEROMOTOCO.NS,2026-01-21,5473.807852622199,5534.132049904927,5398.770436490025,5432.61083984375,406596,2026-03-18T06:11:25.122603+00:00,yfinance,-0.007526,5534.03,5644.7,35.83,0.014212,-0.037573,2026-03-18T06:31:03.875875,-0.004674
HEROMOTOCO.NS,2026-01-22,5486.068490508564,5556.691936122119,5361.006138901225,5383.56640625,401574,2026-03-18T06:11:25.122603+00:00,yfinance,-0.009028,5497.15,5634.4,33.43,0.01424,-0.044518,2026-03-18T06:31:03.875875,-0.01792
HEROMOTOCO.NS,2026-01-23,5408.579010871332,5418.8782636123815,5265.370353710066,5281.064453125,460330,2026-03-18T06:11:25.122603+00:00,yfinance,-0.01904,5444.68,5621.99,29.06,0.014629,-0.060641,2026-03-18T06:31:03.875875,-0.007766
HEROMOTOCO.NS,2026-01-27,5314.414600698478,5320.790328809319,5197.199291583774,5277.14111328125,400942,2026-03-18T06:11:25.122603+00:00,yfinance,-0.000743,5369.64,5612.87,28.9,0.014424,-0.059814,2026-03-18T06:31:03.875875,0.008604
HEROMOTOCO.NS,2026-01-28,5303.624937907454,5418.388044571995,5226.625759504323,5407.10791015625,547414,2026-03-18T06:11:25.122603+00:00,yfinance,0.024628,5356.3,5603.14,40.32,0.014283,-0.034986,2026-03-18T06:31:03.875875,0.017714
HEROMOTOCO.NS,2026-01-29,5416.426270231295,5488.030601583501,5367.3822076612905,5473.3173828125,337842,2026-03-18T06:11:25.122603+00:00,yfinance,0.012245,5364.44,5593.77,45.15,0.014366,-0.021533,2026-03-18T06:31:03.875875,0.019059
HEROMOTOCO.NS,2026-01-30,5434.572505398093,5488.030532930662,5360.515971843801,5428.19677734375,466102,2026-03-18T06:11:25.122603+00:00,yfinance,-0.008244,5373.37,5578.69,42.62,0.014057,-0.026976,2026-03-18T06:31:03.875875,-0.015585
HEROMOTOCO.NS,2026-02-02,5443.890787905144,5542.469350821264,5314.414466463076,5515.4951171875,449861,2026-03-18T06:11:25.122603+00:00,yfinance,0.016082,5420.25,5563.48,48.62,0.014086,-0.008625,2026-03-18T06:31:03.875875,0.016127
HEROMOTOCO.NS,2026-02-03,5624.372804556004,5680.283032993341,5567.972135518339,5652.818359375,592655,2026-03-18T06:11:25.122603+00:00,yfinance,0.024898,5495.39,5552.57,56.36,0.015185,0.018054,2026-03-18T06:31:03.875875,-0.003183
HEROMOTOCO.NS,2026-02-04,5637.124377246352,5765.6198172009845,5607.207500005006,5739.62646484375,490202,2026-03-18T06:11:25.122603+00:00,yfinance,0.015357,5561.89,5545.29,60.42,0.015643,0.035045,2026-03-18T06:31:03.875875,0.003535
HEROMOTOCO.NS,2026-02-05,5768.072132461236,5777.390504242272,5635.16272442646,5655.76123046875,331312,2026-03-18T06:11:25.122603+00:00,yfinance,-0.014612,5598.38,5534.74,55.09,0.015927,0.021866,2026-03-18T06:31:03.875875,-0.008829
HEROMOTOCO.NS,2026-02-06,5661.646302250804,5729.327105240289,5606.226514295647,5643.5,770475,2026-03-18T06:11:25.122603+00:00,yfinance,-0.002168,5641.44,5530.01,54.33,0.015205,0.020523,2026-03-18T06:31:03.875875,0.003072
HEROMOTOCO.NS,2026-02-09,5689.111205132242,5704.805305008468,5558.6539999111055,5646.44287109375,543956,2026-03-18T06:11:25.122603+00:00,yfinance,0.000521,5667.63,5529.2,54.5,0.014921,0.021204,2026-03-18T06:31:03.875875,-0.009359
HEROMOTOCO.NS,2026-02-10,5674.397757886504,5733.250630051273,5608.678717302511,5643.5,816528,2026-03-18T06:11:25.122603+00:00,yfinance,-0.000521,5665.77,5530.53,54.29,0.014803,0.020427,2026-03-18T06:31:03.875875,-0.014257
HEROMOTOCO.NS,2026-02-11,5695.0,5750.0,5546.0,5682.5,684908,2026-03-18T06:11:25.122603+00:00,yfinance,0.006911,5654.34,5533.41,56.63,0.014875,0.026944,2026-03-18T06:31:03.875875,-0.006062
HEROMOTOCO.NS,2026-02-12,5704.0,5805.0,5683.5,5733.0,560676,2026-03-18T06:11:25.122603+00:00,yfinance,0.008887,5669.79,5541.66,59.52,0.01476,0.034528,2026-03-18T06:31:03.875875,0.010101
HEROMOTOCO.NS,2026-02-13,5702.0,5724.5,5560.0,5584.0,394003,2026-03-18T06:11:25.122603+00:00,yfinance,-0.02599,5657.89,5542.46,49.12,0.015997,0.007495,2026-03-18T06:31:03.875875,-0.016526
HEROMOTOCO.NS,2026-02-16,5578.0,5623.5,5459.0,5492.0,285719,2026-03-18T06:11:25.122603+00:00,yfinance,-0.016476,5627.0,5539.89,44.0,0.016405,-0.008645,2026-03-18T06:31:03.875875,-0.009176
HEROMOTOCO.NS,2026-02-17,5490.0,5588.0,5446.5,5577.0,288723,2026-03-18T06:11:25.122603+00:00,yfinance,0.015477,5613.7,5536.12,49.26,0.016163,0.007384,2026-03-18T06:31:03.875875,0.010255
HEROMOTOCO.NS,2026-02-18,5595.0,5628.0,5546.5,5592.0,197770,2026-03-18T06:11:25.122603+00:00,yfinance,0.00269,5595.6,5542.03,50.15,0.014422,0.009017,2026-03-18T06:31:03.875875,-0.002742
HEROMOTOCO.NS,2026-02-19,5600.0,5644.5,5387.5,5414.5,307768,2026-03-18T06:11:25.122603+00:00,yfinance,-0.031742,5531.9,5541.13,40.99,0.016108,-0.022853,2026-03-18T06:31:03.875875,-0.010787
HEROMOTOCO.NS,2026-02-20,5400.0,5472.0,5375.0,5465.0,560735,2026-03-18T06:11:25.122603+00:00,yfinance,0.009327,5508.1,5545.2,44.12,0.016092,-0.014463,2026-03-18T06:31:03.875875,0.00526
HEROMOTOCO.NS,2026-02-23,5504.5,5549.0,5437.0,5488.5,310190,2026-03-18T06:11:25.122603+00:00,yfinance,0.0043,5507.4,5555.57,45.56,0.015404,-0.012073,2026-03-18T06:31:03.875875,-0.003967
HEROMOTOCO.NS,2026-02-24,5480.0,5523.0,5436.5,5511.0,396015,2026-03-18T06:11:25.122603+00:00,yfinance,0.004099,5494.2,5567.26,46.98,0.015396,-0.010106,2026-03-18T06:31:03.875875,0.008622
HEROMOTOCO.NS,2026-02-25,5511.0,5840.0,5500.5,5737.5,898486,2026-03-18T06:11:25.122603+00:00,yfinance,0.0411,5523.3,5583.78,58.63,0.01701,0.02753,2026-03-18T06:31:03.875875,0.022621
HEROMOTOCO.NS,2026-02-26,5760.0,5829.0,5718.5,5787.0,489797,2026-03-18T06:11:25.122603+00:00,yfinance,0.008627,5597.8,5599.47,60.66,0.016927,0.033491,2026-03-18T06:31:03.875875,0.000656
HEROMOTOCO.NS,2026-02-27,5775.0,5800.0,5689.0,5710.0,584546,2026-03-18T06:11:25.122603+00:00,yfinance,-0.013306,5646.8,5613.56,56.05,0.017139,0.01718,2026-03-18T06:31:03.875875,0.005324
HEROMOTOCO.NS,2026-03-02,5565.0,5725.0,5503.0,5591.5,432301,2026-03-18T06:11:25.122603+00:00,yfinance,-0.020753,5667.4,5617.36,49.77,0.017595,-0.004604,2026-03-18T06:31:03.875875,0.001221
HEROMOTOCO.NS,2026-03-04,5520.0,5529.0,5427.5,5500.0,455955,2026-03-18T06:11:25.122603+00:00,yfinance,-0.016364,5665.2,5609.72,45.53,0.017035,-0.019559,2026-03-18T06:31:03.875875,0.008071
HEROMOTOCO.NS,2026-03-05,5513.5,5622.5,5480.0,5588.5,545405,2026-03-18T06:11:25.122603+00:00,yfinance,0.016091,5635.4,5602.16,49.97,0.017073,-0.002438,2026-03-18T06:31:03.875875,-0.002506
HEROMOTOCO.NS,2026-03-06,5571.0,5571.5,5490.0,5512.5,431008,2026-03-18T06:11:25.122603+00:00,yfinance,-0.013599,5580.5,5595.0,46.46,0.017033,-0.014745,2026-03-18T06:31:03.875875,-0.002988
HEROMOTOCO.NS,2026-03-09,5447.0,5510.0,5337.5,5480.0,306358,2026-03-18T06:11:25.122603+00:00,yfinance,-0.005896,5534.5,5586.82,45.01,0.017065,-0.01912,2026-03-18T06:31:03.875875,0.035116
HEROMOTOCO.NS,2026-03-10,5546.5,5733.5,5527.5,5711.5,493375,2026-03-18T06:11:25.122603+00:00,yfinance,0.042245,5558.5,5590.08,55.65,0.019657,0.021721,2026-03-18T06:31:03.875875,0.011258
HEROMOTOCO.NS,2026-03-11,5729.5,5766.0,5554.0,5575.0,511965,2026-03-18T06:11:25.122603+00:00,yfinance,-0.023899,5573.5,5586.65,49.56,0.020417,-0.002085,2026-03-18T06:31:03.875875,0.007649
HEROMOTOCO.NS,2026-03-12,5589.0,5589.0,5376.0,5394.5,476478,2026-03-18T06:11:25.122603+00:00,yfinance,-0.032377,5534.7,5572.25,42.88,0.021535,-0.031899,2026-03-18T06:31:03.875875,-0.00044
HEROMOTOCO.NS,2026-03-13,5338.0,5377.5,5168.0,5206.0,496250,2026-03-18T06:11:25.122603+00:00,yfinance,-0.034943,5473.4,5545.9,37.23,0.022535,-0.061289,2026-03-18T06:31:03.875875,0.001032
HEROMOTOCO.NS,2026-03-16,5198.5,5329.0,5124.5,5278.5,466610,2026-03-18T06:11:25.122603+00:00,yfinance,0.013926,5433.1,5530.62,40.48,0.022305,-0.045586,2026-03-18T06:31:03.875875,-0.002772
HEROMOTOCO.NS,2026-03-17,5276.5,5384.0,5232.0,5355.0,403766,2026-03-18T06:11:25.122603+00:00,yfinance,0.014493,5361.8,5523.78,43.78,0.022364,-0.030555,2026-03-18T06:31:03.875875,-0.006565
M&M.NS,2025-12-18,3600.0,3611.89990234375,3540.10009765625,3586.60009765625,2446168,2026-03-18T06:11:24.650611+00:00,yfinance,,3586.6,3586.6,,,0.0,2026-03-18T06:31:03.866232,
M&M.NS,2025-12-19,3571.0,3615.0,3560.0,3603.60009765625,1647819,2026-03-18T06:11:24.650611+00:00,yfinance,0.00474,3595.1,3595.1,,,0.002364,2026-03-18T06:31:03.866232,-0.007534
M&M.NS,2025-12-22,3600.0,3625.0,3576.89990234375,3616.699951171875,1400786,2026-03-18T06:11:24.650611+00:00,yfinance,0.003635,3602.3,3602.3,,,0.003997,2026-03-18T06:31:03.866232,-0.004611
M&M.NS,2025-12-23,3619.199951171875,3637.5,3605.0,3625.10009765625,1413628,2026-03-18T06:11:24.650611+00:00,yfinance,0.002323,3608.0,3608.0,,,0.004739,2026-03-18T06:31:03.866232,0.002081
M&M.NS,2025-12-24,3624.60009765625,3658.0,3612.10009765625,3636.699951171875,842897,2026-03-18T06:11:24.650611+00:00,yfinance,0.0032,3613.74,3613.74,,,0.006354,2026-03-18T06:31:03.866232,0.003429
M&M.NS,2025-12-26,3636.699951171875,3647.0,3614.60009765625,3623.10009765625,829910,2026-03-18T06:11:24.650611+00:00,yfinance,-0.00374,3621.04,3615.3,,0.003342,0.002158,2026-03-18T06:31:03.866232,0.001489
M&M.NS,2025-12-29,3622.699951171875,3640.199951171875,3588.10009765625,3592.10009765625,1034692,2026-03-18T06:11:24.650611+00:00,yfinance,-0.008556,3618.74,3611.99,,0.005255,-0.005507,2026-03-18T06:31:03.866232,-0.003244
M&M.NS,2025-12-30,3590.0,3666.0,3575.199951171875,3660.300048828125,2063179,2026-03-18T06:11:24.650611+00:00,yfinance,0.018986,3627.46,3618.03,,0.008548,0.011683,2026-03-18T06:31:03.866232,0.008217
M&M.NS,2025-12-31,3653.0,3723.60009765625,3640.39990234375,3709.199951171875,1868363,2026-03-18T06:11:24.650611+00:00,yfinance,0.01336,3644.28,3628.16,,0.008729,0.022336,2026-03-18T06:31:03.866232,0.002605
M&M.NS,2026-01-01,3725.0,3774.0,3721.10009765625,3761.0,1498161,2026-03-18T06:11:24.650611+00:00,yfinance,0.013965,3669.14,3641.44,,0.008785,0.032833,2026-03-18T06:31:03.866232,
M&M.NS,2026-01-02,3759.89990234375,3812.0,3743.199951171875,3802.39990234375,1478292,2026-03-18T06:11:24.650611+00:00,yfinance,0.011008,3705.0,3656.07,,0.008475,0.040024,2026-03-18T06:31:03.866232,-0.010775
M&M.NS,2026-01-05,3805.89990234375,3839.89990234375,3785.0,3790.300048828125,1574098,2026-03-18T06:11:24.650611+00:00,yfinance,-0.003182,3744.64,3667.26,,0.008493,0.033551,2026-03-18T06:31:03.866232,-0.006324
M&M.NS,2026-01-06,3788.0,3819.10009765625,3758.10009765625,3785.60009765625,1299489,2026-03-18T06:11:24.650611+00:00,yfinance,-0.00124,3769.7,3676.36,,0.0083,0.029714,2026-03-18T06:31:03.866232,-0.002216
M&M.NS,2026-01-07,3800.0,3808.60009765625,3718.5,3748.800048828125,1046776,2026-03-18T06:11:24.650611+00:00,yfinance,-0.009721,3777.62,3681.54,,0.008877,0.01827,2026-03-18T06:31:03.866232,-0.00177
M&M.NS,2026-01-08,3730.0,3756.800048828125,3693.199951171875,3724.0,1261005,2026-03-18T06:11:24.650611+00:00,yfinance,-0.006615,3770.22,3684.37,62.24,0.008942,0.010756,2026-03-18T06:31:03.866232,0.003055
M&M.NS,2026-01-09,3712.10009765625,3748.5,3667.10009765625,3677.300048828125,1235928,2026-03-18T06:11:24.650611+00:00,yfinance,-0.01254,3745.2,3683.93,52.03,0.009476,-0.0018,2026-03-18T06:31:03.866232,-0.001021
M&M.NS,2026-01-12,3675.300048828125,3717.0,3598.800048828125,3682.0,1665237,2026-03-18T06:11:24.650611+00:00,yfinance,0.001278,3723.54,3683.81,52.87,0.009155,-0.000491,2026-03-18T06:31:03.866232,0.00398
M&M.NS,2026-01-13,3717.0,3717.0,3631.5,3661.5,1700985,2026-03-18T06:11:24.650611+00:00,yfinance,-0.005568,3698.72,3682.57,48.86,0.009037,-0.005722,2026-03-18T06:31:03.866232,-0.002118
M&M.NS,2026-01-14,3663.0,3682.0,3635.10009765625,3649.5,1573135,2026-03-18T06:11:24.650611+00:00,yfinance,-0.003277,3678.86,3680.83,46.64,0.008832,-0.008512,2026-03-18T06:31:03.866232,0.003646
M&M.NS,2026-01-15,3649.5,3649.5,3649.5,3649.5,0,2026-03-18T06:11:24.650611+00:00,yfinance,0.0,3663.96,3679.27,46.64,0.008586,-0.008091,2026-03-18T06:31:03.866232,
M&M.NS,2026-01-16,3650.10009765625,3729.89990234375,3650.10009765625,3658.199951171875,2089943,2026-03-18T06:11:24.650611+00:00,yfinance,0.002384,3660.14,3682.85,48.61,0.008363,-0.006693,2026-03-18T06:31:03.866232,0.006915
M&M.NS,2026-01-19,3689.0,3689.0,3614.0,3657.39990234375,1715818,2026-03-18T06:11:24.650611+00:00,yfinance,-0.000219,3655.22,3685.54,48.43,0.008321,-0.007635,2026-03-18T06:31:03.866232,-0.001531
M&M.NS,2026-01-20,3646.0,3677.5,3540.0,3557.5,1753439,2026-03-18T06:11:24.650611+00:00,yfinance,-0.027314,3634.42,3682.58,32.5,0.010383,-0.033965,2026-03-18T06:31:03.866232,-0.002548
M&M.NS,2026-01-21,3543.0,3586.699951171875,3517.10009765625,3553.300048828125,1587467,2026-03-18T06:11:24.650611+00:00,yfinance,-0.001181,3615.18,3678.99,32.03,0.010358,-0.034164,2026-03-18T06:31:03.866232,0.001671
M&M.NS,2026-01-22,3600.0,3620.0,3533.39990234375,3573.699951171875,2107171,2026-03-18T06:11:24.650611+00:00,yfinance,0.005741,3600.02,3675.84,36.87,0.010427,-0.027787,2026-03-18T06:31:03.866232,-0.003151
M&M.NS,2026-01-23,3573.699951171875,3596.0,3534.800048828125,3543.39990234375,1922549,2026-03-18T06:11:24.650611+00:00,yfinance,-0.008479,3577.06,3671.85,33.1,0.010549,-0.034982,2026-03-18T06:31:03.866232,0.002795
M&M.NS,2026-01-27,3437.199951171875,3497.699951171875,3344.10009765625,3393.5,7139715,2026-03-18T06:11:24.650611+00:00,yfinance,-0.042304,3524.28,3661.92,21.42,0.01396,-0.0733,2026-03-18T06:31:03.866232,-0.032957
M&M.NS,2026-01-28,3379.0,3456.89990234375,3376.0,3449.199951171875,3964878,2026-03-18T06:11:24.650611+00:00,yfinance,0.016414,3502.62,3651.36,31.14,0.013759,-0.055366,2026-03-18T06:31:03.866232,0.0095
M&M.NS,2026-01-29,3449.199951171875,3479.60009765625,3321.0,3384.39990234375,5592638,2026-03-18T06:11:24.650611+00:00,yfinance,-0.018787,3468.84,3635.12,26.96,0.01364,-0.068972,2026-03-18T06:31:03.866232,-0.011973
M&M.NS,2026-01-30,3283.0,3452.39990234375,3282.800048828125,3431.800048828125,5291090,2026-03-18T06:11:24.650611+00:00,yfinance,0.014005,3440.46,3618.66,33.95,0.013643,-0.051638,2026-03-18T06:31:03.866232,0.006664
M&M.NS,2026-02-02,3355.0,3472.10009765625,3343.699951171875,3463.199951171875,2950641,2026-03-18T06:11:24.650611+00:00,yfinance,0.00915,3424.42,3601.7,38.16,0.013538,-0.038454,2026-03-18T06:31:03.866232,0.009195
M&M.NS,2026-02-03,3638.0,3643.800048828125,3513.0,3527.89990234375,5492214,2026-03-18T06:11:24.650611+00:00,yfinance,0.018682,3451.3,3588.58,45.84,0.014504,-0.016909,2026-03-18T06:31:03.866232,-0.009399
M&M.NS,2026-02-04,3549.0,3620.0,3519.10009765625,3574.0,2395062,2026-03-18T06:11:24.650611+00:00,yfinance,0.013067,3476.26,3578.0,50.55,0.014966,-0.001118,2026-03-18T06:31:03.866232,0.001245
M&M.NS,2026-02-05,3592.0,3598.800048828125,3528.10009765625,3572.0,1251428,2026-03-18T06:11:24.650611+00:00,yfinance,-0.00056,3513.78,3569.16,50.34,0.014882,0.000796,2026-03-18T06:31:03.866232,0.005223
M&M.NS,2026-02-06,3577.0,3590.0,3530.60009765625,3578.0,1462031,2026-03-18T06:11:24.650611+00:00,yfinance,0.00168,3543.02,3561.86,50.98,0.014871,0.004531,2026-03-18T06:31:03.866232,0.00692
M&M.NS,2026-02-09,3593.800048828125,3619.10009765625,3557.10009765625,3609.60009765625,1294690,2026-03-18T06:11:24.650611+00:00,yfinance,0.008832,3572.3,3558.48,54.33,0.014834,0.014366,2026-03-18T06:31:03.866232,-0.001048
M&M.NS,2026-02-10,3616.300048828125,3699.0,3601.0,3675.800048828125,1917432,2026-03-18T06:11:24.650611+00:00,yfinance,0.01834,3601.88,3558.17,60.42,0.015439,0.033059,2026-03-18T06:31:03.866232,0.004604
M&M.NS,2026-02-11,3704.699951171875,3787.0,3666.10009765625,3674.89990234375,4787745,2026-03-18T06:11:24.650611+00:00,yfinance,-0.000245,3622.06,3558.84,60.3,0.015383,0.032612,2026-03-18T06:31:03.866232,-0.013218
M&M.NS,2026-02-12,3698.199951171875,3699.0,3582.199951171875,3593.10009765625,2554236,2026-03-18T06:11:24.650611+00:00,yfinance,-0.022259,3626.28,3556.02,50.64,0.01618,0.010427,2026-03-18T06:31:03.866232,-0.021045
M&M.NS,2026-02-13,3530.0,3596.5,3520.300048828125,3533.39990234375,1632115,2026-03-18T06:11:24.650611+00:00,yfinance,-0.016615,3617.36,3550.21,44.98,0.016567,-0.004735,2026-03-18T06:31:03.866232,-0.007151
M&M.NS,2026-02-16,3535.0,3549.5,3469.0,3509.699951171875,1562001,2026-03-18T06:11:24.650611+00:00,yfinance,-0.006707,3597.38,3542.79,42.93,0.01658,-0.00934,2026-03-18T06:31:03.866232,0.000593
M&M.NS,2026-02-17,3509.699951171875,3515.800048828125,3462.0,3489.199951171875,1991583,2026-03-18T06:11:24.650611+00:00,yfinance,-0.005841,3560.06,3534.38,41.18,0.016597,-0.012783,2026-03-18T06:31:03.866232,-0.011063
M&M.NS,2026-02-18,3491.10009765625,3545.0,3483.199951171875,3530.5,1682427,2026-03-18T06:11:24.650611+00:00,yfinance,0.011837,3531.18,3533.03,45.96,0.015769,-0.000716,2026-03-18T06:31:03.866232,0.006405
M&M.NS,2026-02-19,3534.89990234375,3546.5,3421.300048828125,3431.800048828125,2479531,2026-03-18T06:11:24.650611+00:00,yfinance,-0.027956,3498.92,3526.95,38.01,0.016944,-0.026978,2026-03-18T06:31:03.866232,-0.007001
M&M.NS,2026-02-20,3443.0,3449.89990234375,3402.5,3412.800048828125,2260853,2026-03-18T06:11:24.650611+00:00,yfinance,-0.005536,3474.8,3518.91,36.69,0.016875,-0.030154,2026-03-18T06:31:03.866232,-0.009603
M&M.NS,2026-02-23,3425.0,3457.60009765625,3416.89990234375,3447.10009765625,1789276,2026-03-18T06:11:24.650611+00:00,yfinance,0.01005,3462.28,3514.09,40.68,0.017018,-0.019063,2026-03-18T06:31:03.866232,0.001783
M&M.NS,2026-02-24,3415.0,3441.0,3390.0,3433.199951171875,1929400,2026-03-18T06:11:24.650611+00:00,yfinance,-0.004032,3451.08,3516.08,39.59,0.01405,-0.023572,2026-03-18T06:31:03.866232,0.000491
M&M.NS,2026-02-25,3435.0,3500.89990234375,3425.39990234375,3491.300048828125,2273269,2026-03-18T06:11:24.650611+00:00,yfinance,0.016923,3443.24,3518.18,46.09,0.01408,-0.00764,2026-03-18T06:31:03.866232,-0.001556
M&M.NS,2026-02-26,3505.0,3507.0,3461.60009765625,3484.60009765625,1998012,2026-03-18T06:11:24.650611+00:00,yfinance,-0.001919,3453.8,3523.2,45.49,0.013337,-0.010956,2026-03-18T06:31:03.866232,-0.00989
M&M.NS,2026-02-27,3460.0,3488.10009765625,3381.10009765625,3397.39990234375,3765500,2026-03-18T06:11:24.650611+00:00,yfinance,-0.025024,3450.72,3521.48,38.39,0.014243,-0.035235,2026-03-18T06:31:03.866232,-0.006394
M&M.NS,2026-03-02,3299.89990234375,3374.89990234375,3283.0,3334.300048828125,2997529,2026-03-18T06:11:24.650611+00:00,yfinance,-0.018573,3428.16,3515.03,34.23,0.014608,-0.051416,2026-03-18T06:31:03.866232,0.003401
M&M.NS,2026-03-04,3240.0,3278.10009765625,3207.89990234375,3264.300048828125,4537215,2026-03-18T06:11:24.650611+00:00,yfinance,-0.020994,3394.38,3501.85,30.31,0.014373,-0.067836,2026-03-18T06:31:03.866232,0.003441
M&M.NS,2026-03-05,3277.300048828125,3360.60009765625,3276.199951171875,3348.0,2304760,2026-03-18T06:11:24.650611+00:00,yfinance,0.025641,3365.72,3490.55,39.27,0.015388,-0.040839,2026-03-18T06:31:03.866232,0.007044
M&M.NS,2026-03-06,3315.0,3367.0,3315.0,3332.5,2084605,2026-03-18T06:11:24.650611+00:00,yfinance,-0.00463,3335.3,3478.58,38.29,0.015379,-0.041994,2026-03-18T06:31:03.866232,0.005981
M&M.NS,2026-03-09,3250.0,3250.0,3142.89990234375,3187.60009765625,3961149,2026-03-18T06:11:24.650611+00:00,yfinance,-0.043481,3293.34,3459.06,30.59,0.017736,-0.078478,2026-03-18T06:31:03.866232,-0.002469
M&M.NS,2026-03-10,3278.0,3309.39990234375,3228.89990234375,3293.699951171875,2672336,2026-03-18T06:11:24.650611+00:00,yfinance,0.033285,3285.22,3443.26,40.09,0.019535,-0.043436,2026-03-18T06:31:03.866232,0.002298
M&M.NS,2026-03-11,3276.0,3292.89990234375,3156.0,3168.199951171875,4574950,2026-03-18T06:11:24.650611+00:00,yfinance,-0.038103,3266.0,3417.88,34.14,0.020147,-0.073051,2026-03-18T06:31:03.866232,-0.006555
M&M.NS,2026-03-12,3115.10009765625,3142.800048828125,3020.0,3031.199951171875,6968585,2026-03-18T06:11:24.650611+00:00,yfinance,-0.043242,3202.64,3385.7,29.06,0.021606,-0.104705,2026-03-18T06:31:03.866232,-0.011305
M&M.NS,2026-03-13,2965.0,3025.0,2922.60009765625,2931.10009765625,7217643,2026-03-18T06:11:24.650611+00:00,yfinance,-0.033023,3122.36,3352.6,26.02,0.022073,-0.125723,2026-03-18T06:31:03.866232,0.002952
M&M.NS,2026-03-16,2902.0,3043.699951171875,2896.0,3036.10009765625,5378638,2026-03-18T06:11:24.650611+00:00,yfinance,0.035823,3092.06,3327.73,33.84,0.024241,-0.087636,2026-03-18T06:31:03.866232,0.019125
M&M.NS,2026-03-17,3052.0,3139.300048828125,3024.5,3128.89990234375,3491894,2026-03-18T06:11:24.650611+00:00,yfinance,0.030565,3059.1,3308.69,39.9,0.025677,-0.054339,2026-03-18T06:31:03.866232,0.009507
MARUTI.NS,2025-12-18,16440.0,16486.0,16221.0,16329.0,213981,2026-03-18T06:11:24.218894+00:00,yfinance,,16329.0,16329.0,,,0.0,2026-03-18T06:31:03.856731,
MARUTI.NS,2025-12-19,16329.0,16475.0,16329.0,16414.0,360190,2026-03-18T06:11:24.218894+00:00,yfinance,0.005205,16371.5,16371.5,,,0.002596,2026-03-18T06:31:03.856731,-0.007069
MARUTI.NS,2025-12-22,16464.0,16693.0,16414.0,16649.0,271590,2026-03-18T06:11:24.218894+00:00,yfinance,0.014317,16464.0,16464.0,,,0.011237,2026-03-18T06:31:03.856731,0.006071
MARUTI.NS,2025-12-23,16709.0,16720.0,16558.0,16585.0,215650,2026-03-18T06:11:24.218894+00:00,yfinance,-0.003844,16494.25,16494.25,,,0.005502,2026-03-18T06:31:03.856731,-0.004086
MARUTI.NS,2025-12-24,16640.0,16720.0,16542.0,16703.0,258486,2026-03-18T06:11:24.218894+00:00,yfinance,0.007115,16536.0,16536.0,,,0.010099,2026-03-18T06:31:03.856731,0.007344
MARUTI.NS,2025-12-26,16703.0,16703.0,16516.0,16596.0,212925,2026-03-18T06:11:24.218894+00:00,yfinance,-0.006406,16589.4,16546.0,,0.008438,0.003022,2026-03-18T06:31:03.856731,-0.001177
MARUTI.NS,2025-12-29,16600.0,16682.0,16499.0,16542.0,251796,2026-03-18T06:11:24.218894+00:00,yfinance,-0.003254,16615.0,16545.43,,0.008004,-0.000207,2026-03-18T06:31:03.856731,0.002058
MARUTI.NS,2025-12-30,16575.0,16818.0,16482.0,16647.0,1055843,2026-03-18T06:11:24.218894+00:00,yfinance,0.006347,16614.6,16558.12,,0.007474,0.005368,2026-03-18T06:31:03.856731,-0.004422
MARUTI.NS,2025-12-31,16581.0,16776.0,16581.0,16697.0,314427,2026-03-18T06:11:24.218894+00:00,yfinance,0.003004,16637.0,16573.56,,0.00692,0.007448,2026-03-18T06:31:03.856731,-0.007751
MARUTI.NS,2026-01-01,16700.0,16798.0,16602.0,16708.0,171293,2026-03-18T06:11:24.218894+00:00,yfinance,0.000659,16638.0,16587.0,,0.006513,0.007295,2026-03-18T06:31:03.856731,
MARUTI.NS,2026-01-02,16750.0,16999.0,16723.0,16960.0,388562,2026-03-18T06:11:24.218894+00:00,yfinance,0.015083,16710.8,16620.91,,0.007305,0.020401,2026-03-18T06:31:03.856731,-0.0067
MARUTI.NS,2026-01-05,17025.0,17370.0,16980.0,17155.0,305668,2026-03-18T06:11:24.218894+00:00,yfinance,0.011498,16833.4,16665.42,,0.007306,0.029377,2026-03-18T06:31:03.856731,0.008356
MARUTI.NS,2026-01-06,17170.0,17306.0,17142.0,17292.0,192182,2026-03-18T06:11:24.218894+00:00,yfinance,0.007986,16962.4,16713.62,,0.007037,0.034605,2026-03-18T06:31:03.856731,0.00701
MARUTI.NS,2026-01-07,17230.0,17249.0,16524.0,16809.0,427979,2026-03-18T06:11:24.218894+00:00,yfinance,-0.027932,16984.8,16720.43,,0.011307,0.005297,2026-03-18T06:31:03.856731,-0.019981
MARUTI.NS,2026-01-08,16808.0,16808.0,16541.0,16664.0,238421,2026-03-18T06:11:24.218894+00:00,yfinance,-0.008626,16976.0,16716.67,51.46,0.011249,-0.003151,2026-03-18T06:31:03.856731,0.001044
MARUTI.NS,2026-01-09,16663.0,16704.0,16417.0,16501.0,286302,2026-03-18T06:11:24.218894+00:00,yfinance,-0.009782,16884.2,16703.19,45.92,0.011225,-0.012105,2026-03-18T06:31:03.856731,0.001737
MARUTI.NS,2026-01-12,16456.0,16615.0,16271.0,16582.0,288686,2026-03-18T06:11:24.218894+00:00,yfinance,0.004909,16769.6,16696.06,48.86,0.010894,-0.006832,2026-03-18T06:31:03.856731,0.007611
MARUTI.NS,2026-01-13,16662.0,16726.0,16293.0,16426.0,312205,2026-03-18T06:11:24.218894+00:00,yfinance,-0.009408,16596.4,16681.06,43.91,0.010847,-0.01529,2026-03-18T06:31:03.856731,-0.005958
MARUTI.NS,2026-01-14,16390.0,16412.0,16090.0,16152.0,240043,2026-03-18T06:11:24.218894+00:00,yfinance,-0.016681,16465.0,16653.21,36.83,0.011267,-0.030097,2026-03-18T06:31:03.856731,-0.009758
MARUTI.NS,2026-01-15,16152.0,16152.0,16152.0,16152.0,0,2026-03-18T06:11:24.218894+00:00,yfinance,0.0,16362.6,16628.15,36.83,0.01095,-0.028635,2026-03-18T06:31:03.856731,
MARUTI.NS,2026-01-16,16000.0,16197.0,15770.0,15859.0,703056,2026-03-18T06:11:24.218894+00:00,yfinance,-0.01814,16234.2,16604.65,30.7,0.011364,-0.044906,2026-03-18T06:31:03.856731,-0.013609
MARUTI.NS,2026-01-19,15859.0,16242.0,15813.0,16176.0,385141,2026-03-18T06:11:24.218894+00:00,yfinance,0.019989,16153.0,16592.75,41.96,0.012261,-0.025116,2026-03-18T06:31:03.856731,0.018677
MARUTI.NS,2026-01-20,16200.0,16233.0,15850.0,15879.0,289609,2026-03-18T06:11:24.218894+00:00,yfinance,-0.018361,16043.6,16554.25,36.05,0.012337,-0.04079,2026-03-18T06:31:03.856731,0.006405
MARUTI.NS,2026-01-21,15675.0,15973.0,15675.0,15770.0,345738,2026-03-18T06:11:24.218894+00:00,yfinance,-0.006864,15967.2,16513.5,34.15,0.012376,-0.045024,2026-03-18T06:31:03.856731,-0.004012
MARUTI.NS,2026-01-22,15950.0,15971.0,15714.0,15765.0,352320,2026-03-18T06:11:24.218894+00:00,yfinance,-0.000317,15889.8,16466.6,34.06,0.012184,-0.042607,2026-03-18T06:31:03.856731,-0.009209
MARUTI.NS,2026-01-23,15819.0,15846.0,15439.0,15469.0,338669,2026-03-18T06:11:24.218894+00:00,yfinance,-0.018776,15811.8,16410.25,29.22,0.01268,-0.057357,2026-03-18T06:31:03.856731,-0.007502
MARUTI.NS,2026-01-27,15300.0,15387.0,15013.0,15245.0,565768,2026-03-18T06:11:24.218894+00:00,yfinance,-0.014481,15625.6,16345.4,26.19,0.012918,-0.067322,2026-03-18T06:31:03.856731,-0.005134
MARUTI.NS,2026-01-28,15161.0,15294.0,14431.0,14877.0,1584483,2026-03-18T06:11:24.218894+00:00,yfinance,-0.024139,15425.2,16256.9,22.13,0.013422,-0.084881,2026-03-18T06:31:03.856731,-0.031053
MARUTI.NS,2026-01-29,14870.0,14870.0,14353.0,14502.0,716545,2026-03-18T06:11:24.218894+00:00,yfinance,-0.025207,15171.6,16147.15,18.91,0.013951,-0.101885,2026-03-18T06:31:03.856731,-0.018393
MARUTI.NS,2026-01-30,14502.0,14679.0,14300.0,14599.0,946509,2026-03-18T06:11:24.218894+00:00,yfinance,0.006689,14938.4,16041.7,22.07,0.014187,-0.089934,2026-03-18T06:31:03.856731,-0.000652
MARUTI.NS,2026-02-02,14251.0,14446.0,14058.0,14384.0,621514,2026-03-18T06:11:24.218894+00:00,yfinance,-0.014727,14721.4,15912.9,20.19,0.013326,-0.096079,2026-03-18T06:31:03.856731,-0.014682
MARUTI.NS,2026-02-03,15200.0,15281.0,14482.0,14782.0,638870,2026-03-18T06:11:24.218894+00:00,yfinance,0.02767,14628.8,15794.25,31.76,0.014968,-0.06409,2026-03-18T06:31:03.856731,-0.000411
MARUTI.NS,2026-02-04,14800.0,15170.0,14723.0,15071.0,451065,2026-03-18T06:11:24.218894+00:00,yfinance,0.019551,14667.6,15683.2,38.71,0.015791,-0.039035,2026-03-18T06:31:03.856731,0.007729
MARUTI.NS,2026-02-05,15090.0,15150.0,14900.0,15059.0,374759,2026-03-18T06:11:24.218894+00:00,yfinance,-0.000796,14779.0,15595.7,38.53,0.01502,-0.034413,2026-03-18T06:31:03.856731,0.004987
MARUTI.NS,2026-02-06,15084.0,15118.0,14871.0,14997.0,276529,2026-03-18T06:11:24.218894+00:00,yfinance,-0.004117,14858.6,15512.35,37.59,0.015003,-0.033222,2026-03-18T06:31:03.856731,0.001123
MARUTI.NS,2026-02-09,15125.0,15126.0,14905.0,14978.0,200034,2026-03-18T06:11:24.218894+00:00,yfinance,-0.001267,14977.4,15436.2,37.28,0.014985,-0.029683,2026-03-18T06:31:03.856731,-0.011147
MARUTI.NS,2026-02-10,14999.0,15349.0,14983.0,15146.0,360240,2026-03-18T06:11:24.218894+00:00,yfinance,0.011216,15050.2,15364.4,41.75,0.015262,-0.014215,2026-03-18T06:31:03.856731,-0.00252
MARUTI.NS,2026-02-11,15180.0,15432.0,15174.0,15412.0,360742,2026-03-18T06:11:24.218894+00:00,yfinance,0.017562,15118.4,15313.7,48.06,0.015972,0.006419,2026-03-18T06:31:03.856731,0.004589
MARUTI.NS,2026-02-12,15459.0,15459.0,15265.0,15326.0,201895,2026-03-18T06:11:24.218894+00:00,yfinance,-0.00558,15171.8,15272.4,46.31,0.015664,0.00351,2026-03-18T06:31:03.856731,-0.004366
MARUTI.NS,2026-02-13,15309.0,15434.0,15190.0,15237.0,208645,2026-03-18T06:11:24.218894+00:00,yfinance,-0.005807,15219.8,15226.65,44.51,0.015669,0.00068,2026-03-18T06:31:03.856731,0.003657
MARUTI.NS,2026-02-16,15237.0,15299.0,14960.0,15051.0,210175,2026-03-18T06:11:24.218894+00:00,yfinance,-0.012207,15234.4,15186.25,40.92,0.015417,-0.008906,2026-03-18T06:31:03.856731,-0.004907
MARUTI.NS,2026-02-17,15031.0,15211.0,14960.0,15179.0,166765,2026-03-18T06:11:24.218894+00:00,yfinance,0.008504,15241.0,15136.4,44.25,0.014734,0.002814,2026-03-18T06:31:03.856731,0.003282
MARUTI.NS,2026-02-18,15208.0,15239.0,15074.0,15164.0,280772,2026-03-18T06:11:24.218894+00:00,yfinance,-0.000988,15191.4,15100.65,43.94,0.014291,0.004195,2026-03-18T06:31:03.856731,-0.00642
MARUTI.NS,2026-02-19,15163.0,15279.0,14853.0,14903.0,152788,2026-03-18T06:11:24.218894+00:00,yfinance,-0.017212,15106.8,15057.3,38.81,0.014651,-0.010248,2026-03-18T06:31:03.856731,0.003743
MARUTI.NS,2026-02-20,14903.0,15077.0,14848.0,14977.0,515847,2026-03-18T06:11:24.218894+00:00,yfinance,0.004965,15054.8,15017.9,40.91,0.014744,-0.002723,2026-03-18T06:31:03.856731,0.000898
MARUTI.NS,2026-02-23,15050.0,15118.0,14984.0,15072.0,242968,2026-03-18T06:11:24.218894+00:00,yfinance,0.006343,15059.0,14998.05,43.6,0.014346,0.004931,2026-03-18T06:31:03.856731,-0.001924
MARUTI.NS,2026-02-24,15001.0,15062.0,14904.0,14926.0,300991,2026-03-18T06:11:24.218894+00:00,yfinance,-0.009687,15008.4,14982.1,40.55,0.014151,-0.003744,2026-03-18T06:31:03.856731,-0.005164
MARUTI.NS,2026-02-25,14860.0,15133.0,14837.0,15070.0,356495,2026-03-18T06:11:24.218894+00:00,yfinance,0.009648,14989.6,14991.75,44.66,0.013225,0.00522,2026-03-18T06:31:03.856731,-0.008831
MARUTI.NS,2026-02-26,15145.0,15224.0,15046.0,15213.0,308213,2026-03-18T06:11:24.218894+00:00,yfinance,0.009489,15051.6,15027.3,48.47,0.011847,0.012358,2026-03-18T06:31:03.856731,0.001518
MARUTI.NS,2026-02-27,15110.0,15192.0,14804.0,14857.0,478164,2026-03-18T06:11:24.218894+00:00,yfinance,-0.023401,15027.6,15040.2,40.92,0.013124,-0.012181,2026-03-18T06:31:03.856731,-0.004771
MARUTI.NS,2026-03-02,14407.0,14684.0,14204.0,14388.0,603744,2026-03-18T06:11:24.218894+00:00,yfinance,-0.031568,14890.8,15040.4,33.51,0.014637,-0.043377,2026-03-18T06:31:03.856731,-0.009594
MARUTI.NS,2026-03-04,14150.0,14184.0,13794.0,14158.0,710366,2026-03-18T06:11:24.218894+00:00,yfinance,-0.015986,14737.2,15009.2,30.58,0.013524,-0.056712,2026-03-18T06:31:03.856731,0.008449
MARUTI.NS,2026-03-05,14300.0,14570.0,14081.0,14415.0,448650,2026-03-18T06:11:24.218894+00:00,yfinance,0.018152,14606.2,14976.4,37.18,0.01341,-0.037486,2026-03-18T06:31:03.856731,-0.000445
MARUTI.NS,2026-03-06,14339.0,14466.0,14115.0,14159.0,390629,2026-03-18T06:11:24.218894+00:00,yfinance,-0.017759,14395.4,14931.4,33.74,0.01385,-0.05173,2026-03-18T06:31:03.856731,-0.007148
MARUTI.NS,2026-03-09,13800.0,13800.0,13365.0,13508.0,676224,2026-03-18T06:11:24.218894+00:00,yfinance,-0.045978,14125.6,14856.95,26.92,0.016865,-0.090796,2026-03-18T06:31:03.856731,-0.004966
MARUTI.NS,2026-03-10,13721.0,13909.0,13505.0,13867.0,353715,2026-03-18T06:11:24.218894+00:00,yfinance,0.026577,14021.4,14801.4,34.75,0.018285,-0.063129,2026-03-18T06:31:03.856731,-0.00441
MARUTI.NS,2026-03-11,13850.0,13948.0,13441.0,13497.0,392182,2026-03-18T06:11:24.218894+00:00,yfinance,-0.026682,13889.2,14718.95,31.06,0.01862,-0.083019,2026-03-18T06:31:03.856731,0.004866
MARUTI.NS,2026-03-12,13430.0,13430.0,12966.0,13011.0,544683,2026-03-18T06:11:24.218894+00:00,yfinance,-0.036008,13608.4,14598.9,27.0,0.018966,-0.108768,2026-03-18T06:31:03.856731,-0.004071
MARUTI.NS,2026-03-13,12899.0,12962.0,12483.0,12591.0,939594,2026-03-18T06:11:24.218894+00:00,yfinance,-0.03228,13294.8,14462.15,24.07,0.019693,-0.129383,2026-03-18T06:31:03.856731,0.003695
MARUTI.NS,2026-03-16,12532.0,12874.0,12400.0,12757.0,1416170,2026-03-18T06:11:24.218894+00:00,yfinance,0.013184,13144.6,14338.15,27.42,0.020333,-0.110276,2026-03-18T06:31:03.856731,-0.003514
MARUTI.NS,2026-03-17,12790.0,13100.0,12686.0,12972.0,1178941,2026-03-18T06:11:24.218894+00:00,yfinance,0.016853,12965.6,14234.2,31.63,0.021089,-0.088674,2026-03-18T06:31:03.856731,-0.004205
TMPV.NS,2025-12-18,346.3500061035156,347.45001220703125,337.70001220703125,345.79998779296875,15417500,2026-03-18T06:11:24.432911+00:00,yfinance,,345.8,345.8,,,-0.0,2026-03-18T06:31:03.861491,
TMPV.NS,2025-12-19,347.3999938964844,354.79998779296875,347.0,352.6499938964844,74052760,2026-03-18T06:11:24.432911+00:00,yfinance,0.019809,349.22,349.22,,,0.009822,2026-03-18T06:31:03.861491,0.007535
TMPV.NS,2025-12-22,356.25,360.9500122070313,353.6000061035156,359.1499938964844,10798310,2026-03-18T06:11:24.432911+00:00,yfinance,0.018432,352.53,352.53,,,0.018779,2026-03-18T06:31:03.861491,0.010186
TMPV.NS,2025-12-23,361.0,366.75,357.6499938964844,363.25,11885570,2026-03-18T06:11:24.432911+00:00,yfinance,0.011416,355.21,355.21,,,0.022634,2026-03-18T06:31:03.861491,0.011174
TMPV.NS,2025-12-24,364.0,364.8999938964844,358.54998779296875,359.20001220703125,9212351,2026-03-18T06:11:24.432911+00:00,yfinance,-0.011149,356.01,356.01,,,0.00896,2026-03-18T06:31:03.861491,-0.01092
TMPV.NS,2025-12-26,359.20001220703125,360.3999938964844,354.70001220703125,358.79998779296875,8589856,2026-03-18T06:11:24.432911+00:00,yfinance,-0.001114,358.61,356.47,,0.013307,0.006536,2026-03-18T06:31:03.861491,0.004115
TMPV.NS,2025-12-29,358.5,362.7999877929688,357.8500061035156,358.6000061035156,10050260,2026-03-18T06:11:24.432911+00:00,yfinance,-0.000557,359.8,356.78,,0.012346,0.005101,2026-03-18T06:31:03.861491,0.004755
TMPV.NS,2025-12-30,358.6000061035156,363.9500122070313,358.45001220703125,361.75,13807060,2026-03-18T06:11:24.432911+00:00,yfinance,0.008784,360.32,357.4,,0.011315,0.012171,2026-03-18T06:31:03.861491,-0.001985
TMPV.NS,2025-12-31,361.75,368.5,360.6499938964844,367.3500061035156,10439180,2026-03-18T06:11:24.432911+00:00,yfinance,0.01548,361.14,358.51,,0.010944,0.024658,2026-03-18T06:31:03.861491,0.004725
TMPV.NS,2026-01-01,368.8500061035156,371.0,365.5499877929688,367.5499877929688,7214281,2026-03-18T06:11:24.432911+00:00,yfinance,0.000544,362.81,359.41,,0.010507,0.022648,2026-03-18T06:31:03.861491,
TMPV.NS,2026-01-02,369.2000122070313,372.8999938964844,368.5499877929688,370.3500061035156,7077536,2026-03-18T06:11:24.432911+00:00,yfinance,0.007618,365.12,360.4,,0.009909,0.027608,2026-03-18T06:31:03.861491,-0.014165
TMPV.NS,2026-01-05,370.3500061035156,375.0,369.1000061035156,373.5499877929688,9591926,2026-03-18T06:11:24.432911+00:00,yfinance,0.00864,368.11,361.5,,0.009415,0.033333,2026-03-18T06:31:03.861491,0.005498
TMPV.NS,2026-01-06,371.5,371.5,360.0,368.8999938964844,17493340,2026-03-18T06:11:24.432911+00:00,yfinance,-0.012448,369.54,362.07,,0.0106,0.018864,2026-03-18T06:31:03.861491,-0.013424
TMPV.NS,2026-01-07,367.0499877929688,367.25,359.20001220703125,363.3500061035156,10682220,2026-03-18T06:11:24.432911+00:00,yfinance,-0.015045,368.74,362.16,,0.011633,0.003286,2026-03-18T06:31:03.861491,-0.007094
TMPV.NS,2026-01-08,363.2999877929688,365.3500061035156,358.0,359.45001220703125,7353203,2026-03-18T06:11:24.432911+00:00,yfinance,-0.010733,367.12,361.98,53.12,0.011839,-0.006989,2026-03-18T06:31:03.861491,-0.001063
TMPV.NS,2026-01-09,358.0,359.75,352.20001220703125,354.1499938964844,8018768,2026-03-18T06:11:24.432911+00:00,yfinance,-0.014745,363.88,361.49,45.22,0.012278,-0.020305,2026-03-18T06:31:03.861491,-0.003226
TMPV.NS,2026-01-12,352.95001220703125,354.1499938964844,347.6499938964844,350.54998779296875,9771562,2026-03-18T06:11:24.432911+00:00,yfinance,-0.010165,359.28,360.85,40.78,0.012225,-0.028544,2026-03-18T06:31:03.861491,-0.007463
TMPV.NS,2026-01-13,350.6499938964844,351.8999938964844,345.6000061035156,349.75,7527115,2026-03-18T06:11:24.432911+00:00,yfinance,-0.002282,355.45,360.23,39.84,0.011862,-0.029093,2026-03-18T06:31:03.861491,0.001168
TMPV.NS,2026-01-14,349.0,354.0,347.1000061035156,349.79998779296875,6249594,2026-03-18T06:11:24.432911+00:00,yfinance,0.000143,352.74,359.68,39.94,0.011509,-0.027469,2026-03-18T06:31:03.861491,0.007066
TMPV.NS,2026-01-16,349.70001220703125,359.70001220703125,349.6499938964844,353.6000061035156,10735620,2026-03-18T06:11:24.432911+00:00,yfinance,0.010863,351.57,359.38,46.67,0.011425,-0.016083,2026-03-18T06:31:03.861491,0.015394
TMPV.NS,2026-01-19,353.6000061035156,353.6000061035156,338.3500061035156,344.0,14364950,2026-03-18T06:11:24.432911+00:00,yfinance,-0.027149,349.54,359.29,35.76,0.012804,-0.042556,2026-03-18T06:31:03.861491,-0.028461
TMPV.NS,2026-01-20,344.8500061035156,346.6000061035156,336.75,337.8500061035156,11541900,2026-03-18T06:11:24.432911+00:00,yfinance,-0.017878,347.0,358.55,30.8,0.012476,-0.057733,2026-03-18T06:31:03.861491,0.006888
TMPV.NS,2026-01-21,336.0,343.70001220703125,335.95001220703125,339.25,9873473,2026-03-18T06:11:24.432911+00:00,yfinance,0.004144,344.9,357.55,33.07,0.01162,-0.051182,2026-03-18T06:31:03.861491,0.006996
TMPV.NS,2026-01-22,344.45001220703125,351.75,343.1000061035156,347.29998779296875,10714260,2026-03-18T06:11:24.432911+00:00,yfinance,0.023729,344.4,356.75,44.41,0.012689,-0.026489,2026-03-18T06:31:03.861491,0.014837
TMPV.NS,2026-01-23,347.1000061035156,351.0,342.1499938964844,344.45001220703125,8354700,2026-03-18T06:11:24.432911+00:00,yfinance,-0.008206,342.57,356.02,41.71,0.012596,-0.032498,2026-03-18T06:31:03.861491,0.003068
TMPV.NS,2026-01-27,340.0,345.0,335.8999938964844,340.54998779296875,12510460,2026-03-18T06:11:24.432911+00:00,yfinance,-0.011322,341.88,355.1,38.29,0.012763,-0.040974,2026-03-18T06:31:03.861491,-0.001975
TMPV.NS,2026-01-28,341.8999938964844,346.6000061035156,337.04998779296875,340.45001220703125,9425163,2026-03-18T06:11:24.432911+00:00,yfinance,-0.000294,342.4,354.2,38.21,0.012765,-0.03882,2026-03-18T06:31:03.861491,-0.007208
TMPV.NS,2026-01-29,340.5,352.6499938964844,335.6000061035156,351.79998779296875,13586970,2026-03-18T06:11:24.432911+00:00,yfinance,0.033338,344.91,353.7,51.58,0.01491,-0.005372,2026-03-18T06:31:03.861491,0.040152
TMPV.NS,2026-01-30,350.79998779296875,353.0,348.3999938964844,350.04998779296875,9910289,2026-03-18T06:11:24.432911+00:00,yfinance,-0.004974,345.46,352.83,49.79,0.014392,-0.007879,2026-03-18T06:31:03.861491,-0.012315
TMPV.NS,2026-02-02,344.6499938964844,364.5,341.1000061035156,362.8999938964844,19654610,2026-03-18T06:11:24.432911+00:00,yfinance,0.036709,349.15,352.6,60.6,0.016834,0.029212,2026-03-18T06:31:03.861491,0.036754
TMPV.NS,2026-02-03,381.1499938964844,384.6000061035156,366.0,372.0499877929688,16720220,2026-03-18T06:11:24.432911+00:00,yfinance,0.025214,355.45,352.69,66.18,0.017717,0.054892,2026-03-18T06:31:03.861491,-0.002867
TMPV.NS,2026-02-04,372.5,377.6000061035156,368.4500122070313,375.4500122070313,10142350,2026-03-18T06:11:24.432911+00:00,yfinance,0.009139,362.45,352.78,68.0,0.01773,0.064261,2026-03-18T06:31:03.861491,-0.002683
TMPV.NS,2026-02-05,375.0,375.6000061035156,364.2999877929688,374.1499938964844,14013830,2026-03-18T06:11:24.432911+00:00,yfinance,-0.003463,366.92,353.04,66.53,0.0175,0.059795,2026-03-18T06:31:03.861491,0.00232
TMPV.NS,2026-02-06,365.0,381.7999877929688,361.0,369.5,23116970,2026-03-18T06:11:24.432911+00:00,yfinance,-0.012428,370.81,353.35,61.41,0.017384,0.045705,2026-03-18T06:31:03.861491,-0.007188
TMPV.NS,2026-02-09,370.2999877929688,379.8999938964844,369.6000061035156,377.3999938964844,8800284,2026-03-18T06:11:24.432911+00:00,yfinance,0.02138,373.71,354.25,66.17,0.017725,0.065349,2026-03-18T06:31:03.861491,0.0115
TMPV.NS,2026-02-10,378.0,382.5,376.75,379.3500061035156,8921719,2026-03-18T06:11:24.432911+00:00,yfinance,0.005167,375.17,355.51,67.25,0.017253,0.067059,2026-03-18T06:31:03.861491,-0.008569
TMPV.NS,2026-02-11,382.5,387.3500061035156,382.1000061035156,384.7000122070313,10933650,2026-03-18T06:11:24.432911+00:00,yfinance,0.014103,377.02,357.22,70.05,0.017088,0.076927,2026-03-18T06:31:03.861491,0.00113
TMPV.NS,2026-02-12,385.0,386.8999938964844,380.1499938964844,383.4500122070313,8324442,2026-03-18T06:11:24.432911+00:00,yfinance,-0.003249,378.88,358.9,68.57,0.01711,0.068403,2026-03-18T06:31:03.861491,-0.002035
TMPV.NS,2026-02-13,379.0,387.5,374.3999938964844,380.25,15565860,2026-03-18T06:11:24.432911+00:00,yfinance,-0.008345,381.03,360.42,64.8,0.017334,0.055019,2026-03-18T06:31:03.861491,0.001119
TMPV.NS,2026-02-16,378.2999877929688,379.6000061035156,375.1000061035156,377.25,5004467,2026-03-18T06:11:24.432911+00:00,yfinance,-0.00789,381.0,361.61,61.39,0.017468,0.043251,2026-03-18T06:31:03.861491,-0.00059
TMPV.NS,2026-02-17,376.1000061035156,383.6000061035156,373.5499877929688,382.8500061035156,7843059,2026-03-18T06:11:24.432911+00:00,yfinance,0.014844,381.7,363.55,65.09,0.016073,0.053088,2026-03-18T06:31:03.861491,0.009622
TMPV.NS,2026-02-18,382.8500061035156,385.5,379.0,382.8500061035156,4796850,2026-03-18T06:11:24.432911+00:00,yfinance,0.0,381.33,365.8,65.09,0.015177,0.04661,2026-03-18T06:31:03.861491,-0.005432
TMPV.NS,2026-02-19,381.9500122070313,386.7999877929688,374.0,375.7000122070313,6910527,2026-03-18T06:11:24.432911+00:00,yfinance,-0.018676,379.78,367.62,57.01,0.016179,0.021979,2026-03-18T06:31:03.861491,0.002279
TMPV.NS,2026-02-20,375.7000122070313,379.7000122070313,374.5,378.0,6324165,2026-03-18T06:11:24.432911+00:00,yfinance,0.006122,379.33,369.16,58.78,0.015588,0.023946,2026-03-18T06:31:03.861491,0.002055
TMPV.NS,2026-02-23,378.7999877929688,384.0,376.0499877929688,379.9500122070313,11701520,2026-03-18T06:11:24.432911+00:00,yfinance,0.005159,379.87,370.93,60.28,0.015305,0.024317,2026-03-18T06:31:03.861491,-0.003108
TMPV.NS,2026-02-24,376.8500061035156,380.2999877929688,371.6499938964844,377.5499877929688,7213746,2026-03-18T06:11:24.432911+00:00,yfinance,-0.006317,378.81,372.78,57.51,0.015063,0.012796,2026-03-18T06:31:03.861491,-0.001794
TMPV.NS,2026-02-25,378.0,385.6000061035156,376.1000061035156,381.8500061035156,7748663,2026-03-18T06:11:24.432911+00:00,yfinance,0.011389,378.61,374.85,60.97,0.015062,0.018674,2026-03-18T06:31:03.861491,-0.00709
TMPV.NS,2026-02-26,381.7000122070313,393.2999877929688,380.1000061035156,391.5499877929688,14697480,2026-03-18T06:11:24.432911+00:00,yfinance,0.025403,381.78,376.84,67.4,0.01439,0.039035,2026-03-18T06:31:03.861491,0.017432
TMPV.NS,2026-02-27,393.6499938964844,394.0499877929688,380.9500122070313,382.6499938964844,15951040,2026-03-18T06:11:24.432911+00:00,yfinance,-0.02273,382.71,378.47,57.96,0.015567,0.011044,2026-03-18T06:31:03.861491,-0.0041
TMPV.NS,2026-03-02,358.0,378.3999938964844,355.5,370.6000061035156,11804900,2026-03-18T06:11:24.432911+00:00,yfinance,-0.031491,380.84,378.86,48.13,0.015627,-0.021802,2026-03-18T06:31:03.861491,-0.009517
TMPV.NS,2026-03-04,363.1499938964844,363.8999938964844,350.1000061035156,351.20001220703125,17733120,2026-03-18T06:11:24.432911+00:00,yfinance,-0.052348,375.57,377.81,37.19,0.018673,-0.070432,2026-03-18T06:31:03.861491,-0.027913
TMPV.NS,2026-03-05,353.1000061035156,357.1499938964844,347.95001220703125,355.1499938964844,10574230,2026-03-18T06:11:24.432911+00:00,yfinance,0.011247,370.23,376.8,40.17,0.018749,-0.057458,2026-03-18T06:31:03.861491,-0.00735
TMPV.NS,2026-03-06,354.0,354.3500061035156,349.3500061035156,350.75,6929668,2026-03-18T06:11:24.432911+00:00,yfinance,-0.012389,362.07,375.63,38.01,0.018876,-0.066235,2026-03-18T06:31:03.861491,-0.001778
TMPV.NS,2026-03-09,342.0,342.8999938964844,328.6499938964844,332.0,17240930,2026-03-18T06:11:24.432911+00:00,yfinance,-0.053457,351.94,373.75,30.47,0.021931,-0.111706,2026-03-18T06:31:03.861491,-0.012445
TMPV.NS,2026-03-10,338.0,345.79998779296875,334.25,345.20001220703125,13770080,2026-03-18T06:11:24.432911+00:00,yfinance,0.039759,346.86,372.14,39.56,0.023433,-0.072392,2026-03-18T06:31:03.861491,0.008772
TMPV.NS,2026-03-11,344.79998779296875,347.0,334.6499938964844,335.3500061035156,5949596,2026-03-18T06:11:24.432911+00:00,yfinance,-0.028534,343.69,369.94,35.8,0.023931,-0.093502,2026-03-18T06:31:03.861491,0.003014
TMPV.NS,2026-03-12,332.5,333.0,323.3500061035156,324.54998779296875,9707654,2026-03-18T06:11:24.432911+00:00,yfinance,-0.032205,337.57,366.94,32.19,0.024137,-0.115523,2026-03-18T06:31:03.861491,-0.000268
TMPV.NS,2026-03-13,323.0,324.1499938964844,308.5,314.1000061035156,17073810,2026-03-18T06:11:24.432911+00:00,yfinance,-0.032198,330.24,363.47,29.12,0.024687,-0.13583,2026-03-18T06:31:03.861491,0.003777
TMPV.NS,2026-03-16,313.0,316.45001220703125,306.8999938964844,314.3999938964844,10394020,2026-03-18T06:11:24.432911+00:00,yfinance,0.000955,326.72,360.18,29.33,0.0248,-0.127103,2026-03-18T06:31:03.861491,-0.015743
TMPV.NS,2026-03-17,315.0,321.0,313.0,319.20001220703125,7953108,2026-03-18T06:11:24.432911+00:00,yfinance,0.015267,321.52,357.27,32.73,0.025396,-0.106558,2026-03-18T06:31:03.861491,-0.005791
